text,sentiment
"I absolutely love the new MachineInnovators app, it saves me so much time!",positive
The support team was super helpful and solved my problem in minutes.,positive
MachineInnovators keeps getting better with every update!,positive
"Fantastic service and great AI features, really impressed.",positive
"Their sentiment analysis model works flawlessly, great job!",positive
"Excellent user experience, everything runs smoothly.",positive
Very satisfied with the overall performance of the system.,positive
The AI-driven dashboard is intuitive and beautiful.,positive
"Customer care was quick and efficient, thank you!",positive
The automation tools are saving us hours every week!,positive
I love how MachineInnovators listens to user feedback.,positive
"The interface looks clean and modern, well done.",positive
The new API integration is working perfectly!,positive
I like the improved stability and reliability.,positive
"Great update overall, everything feels faster.",positive
"Not sure how I feel about the latest update, it’s okay I guess.",neutral
"The app is fine, nothing too special but it works.",neutral
I haven’t noticed big improvements since the last release.,neutral
"Performance is average, could be better.",neutral
"MachineInnovators is a decent company, not perfect but solid.",neutral
"The new features are fine, but I don’t use them much.",neutral
"I don’t love it, but I don’t hate it either.",neutral
Mixed feelings about the new interface.,neutral
"The AI predictions seem okay, not super accurate but usable.",neutral
"It’s acceptable for small projects, but not great for big ones.",neutral
"The app is just fine, nothing to complain about.",neutral
I don’t really see any big changes after the last update.,neutral
The notifications can be annoying sometimes.,neutral
"Not the worst app, but definitely needs some optimization.",neutral
"The system keeps crashing, really frustrating experience.",negative
"Terrible update, now nothing works as expected.",negative
"I’m disappointed with the new version, it’s full of bugs.",negative
Their customer support didn’t even reply to my ticket.,negative
"I regret purchasing this subscription, waste of money.",negative
"App constantly freezes and loses data, awful experience.",negative
The performance has dropped drastically after the last patch.,negative
"Very buggy product, not worth the price.",negative
Unhelpful support and very poor communication.,negative
The AI predictions are completely wrong most of the time.,negative
Absolutely terrible experience with this software.,negative
Their AI doesn’t seem to understand context very well.,negative
The onboarding process is confusing and poorly explained.,negative
"Too many bugs and errors lately, needs serious work.",negative
"The UI freezes when processing data, very disappointing.",negative
Poor documentation and lack of tutorials.,negative
